state_name,city,medianHouseholdIncome
Ohio,Hunting Valley village,250000
Ohio,The Village of Indian Hill city,205221
Ohio,New Albany city,191375
Ohio,Bentleyville village,173250
Ohio,Pepper Pike city,164471
Ohio,Coldstream CDP,151765
Ohio,Terrace Park village,145625
Ohio,Concorde Hills CDP,144036
Ohio,Moreland Hills village,139539
Ohio,Dry Run CDP,137543
Ohio,Hills and Dales village,135313
Ohio,Powell city,132917
Ohio,Gates Mills village,132167
Ohio,Waite Hill village,131875
Ohio,New California CDP,128000
Ohio,Hudson city,126618
Ohio,Dublin city,125540
Ohio,Wyoming city,120676
Ohio,Wetherington CDP,120530
Ohio|Hide|A,Hide-A-Way Hills CDP,120347
Ohio,Ottawa Hills village,118700
Ohio,Kirtland Hills village,116875
Ohio,Dunlap CDP,116667
Ohio,Amberley village,115703
Ohio,Turpin Hills CDP,114973
Ohio,Evendale village,113875
Ohio,Choctaw Lake CDP,112731
Ohio,Granville South CDP,110833
Ohio,Riverlea village,109688
Ohio,Montgomery city,108469
Ohio,Five Points CDP,108304
Ohio,South Russell village,107250
Ohio,Four Bridges CDP,105000
Ohio,Boston Heights village,103603
Ohio,Bainbridge CDP,103208
Ohio,Marble Cliff village,102917
Ohio,Kings Mills CDP,102768
Ohio,Orange village,102109
Ohio,Upper Arlington city,102094
Ohio|Montrose,Montrose-Ghent CDP,101884
Ohio,Highland Heights city,101875
Ohio,Bexley city,101736
Ohio,Sugar Bush Knolls village,101250
Ohio,Springboro city,99364
Ohio,Blue Jay CDP,99107
Ohio,Brecksville city,98345
Ohio,Shawnee Hills village,97813
Ohio,Solon city,96976
Ohio,Glendale village,96964
Ohio,Oakwood city,96790
Ohio,Grandview Heights city,95938
Ohio,Silver Lake village,94500
Ohio,Raymond CDP,94423
Ohio,Peninsula village,94167
Ohio,Bay Village city,93220
Ohio,Mason city,92819
Ohio,Hilliard city,92727
Ohio,Mariemont village,92216
Ohio,Granville village,92109
Ohio,Madeira city,91810
Ohio,Worthington city,91075
Ohio,Avon city,90846
Ohio,Sherwood CDP,90139
Ohio,Delhi Hills CDP,89632
Ohio,Beechwood Trails CDP,88478
Ohio,Beachwood city,88287
Ohio,Commercial Point village,87438
Ohio,Darrtown CDP,87422
Ohio,Curtice CDP,87417
Ohio,Glenwillow village,87375
Ohio,Celeryville CDP,87232
Ohio,Lake Darby CDP,87152
Ohio,Miamiville CDP,86750
Ohio,Galena village,86250
Ohio,Lake Waynoka CDP,86250
Ohio,Valley View village,86071
Ohio,Macedonia city,86061
Ohio,Bentonville CDP,86033
Ohio,Mack CDP,85994
Ohio,Sixteen Mile Stand CDP,85930
Ohio,Westerville city,85230
Ohio,Beckett Ridge CDP,84958
Ohio,Greentown CDP,84944
Ohio,Independence city,84900
Ohio,Minerva Park village,84896
Ohio,Perrysburg city,84508
Ohio,Pickerington city,84410
Ohio,Aurora city,84135
Ohio,Lake Mohawk CDP,83750
Ohio,Bannock CDP,83487
Ohio,Wilberforce CDP,83320
Ohio,Beavercreek city,82956
Ohio|Wright,Wright-Patterson AFB CDP,82763
Ohio,Bratenahl village,82500
Ohio,Miami Heights CDP,81204
Ohio,Westlake city,80989
Ohio,Avon Lake city,80884
Ohio,Rosewood CDP,80613
Ohio,Grandview CDP,80489
Ohio,Strongsville city,80323
Ohio,Salem Heights CDP,80203
Ohio,Landen CDP,79600
Ohio,Shaker Heights city,79519
Ohio,Waterville city,79293
Ohio,Westfield Center village,79167
Ohio,Canal Winchester city,78718
Ohio,Holiday Lakes CDP,78594
Ohio,Homeworth CDP,78281
Ohio,Cherry Grove CDP,78173
Ohio,Winesburg CDP,78000
Ohio,Berlin CDP,77500
Ohio,Broadview Heights city,77480
Ohio,Roaming Shores village,76761
Ohio,Kirtland city,76691
Ohio,Bellbrook city,76576
Ohio,Kalida village,76250
Ohio,Whitehouse village,76133
Ohio,Devola CDP,76127
Ohio,Glandorf village,76000
Ohio,Holiday Valley CDP,75652
Ohio,Pigeon Creek CDP,75469
Ohio,Sheffield village,75461
Ohio,St. Henry village,75313
Ohio,Chagrin Falls village,75260
Ohio,Haskins village,74792
Ohio,Covedale CDP,74545
Ohio,Monfort Heights CDP,74197
Ohio,Seven Hills city,73948
Ohio,Lake Seneca CDP,73750
Ohio,Fruit Hill CDP,73618
Ohio,Gahanna city,73535
Ohio,New Pittsburg CDP,73375
Ohio,Van Buren village,73333
Ohio,Twinsburg city,73314
Ohio,Parkman CDP,73214
Ohio,Bluffton village,73132
Ohio,Monroe city,72982
Ohio,Taylor Creek CDP,72946
Ohio,Sylvania city,72936
Ohio,Blue Ash city,72628
Ohio,Day Heights CDP,72318
Ohio,Dent CDP,72176
Ohio,Mayfield village,72156
Ohio,Kettlersville village,72000
Ohio,Clayton city,71911
Ohio,Reminderville village,71417
Ohio,Poland village,71321
Ohio,Burgoon village,71250
Ohio,Perry village,71172
Ohio,Maineville village,71063
Ohio,Collins CDP,70921
Ohio,Ross CDP,70731
Ohio,Minster village,70478
Ohio,Newtown village,70473
Ohio,Ostrander village,70469
Ohio,Gambier village,70368
Ohio,Thornport CDP,70347
Ohio,Forestville CDP,70265
Ohio,New Bremen village,70122
Ohio,Highpoint CDP,70078
Ohio,Elida village,70069
Ohio,Lithopolis village,70069
Ohio,Mentor city,70058
Ohio,Fort Loramie village,69886
Ohio,Sunbury village,69671
Ohio,Berkey village,69583
Ohio,Brookfield Center CDP,69583
Ohio,Pataskala city,69574
Ohio,Sciotodale CDP,69474
Ohio,Tontogany village,69464
Ohio,Dundee CDP,69402
Ohio,South Canal CDP,69375
Ohio,Loveland city,69355
Ohio,Walton Hills village,69167
Ohio,Anna village,69107
Ohio,Harbor Hills CDP,68967
Ohio,North Ridgeville city,68778
Ohio,Connorville CDP,68750
Ohio,Etna CDP,68500
Ohio,St. Clairsville city,68234
Ohio,New Franklin city,68161
Ohio,Mitiwanga CDP,67875
Ohio,Richfield village,67875
Ohio,Marblehead village,67750
Ohio,Vaughnsville CDP,67548
Ohio,North Perry village,67188
Ohio,Camp Dennison CDP,66838
Ohio,Amherst city,66731
Ohio,Canfield city,66716
Ohio,Green city,66656
Ohio,Osgood village,66563
Ohio,Dry Ridge CDP,66419
Ohio,East Liberty CDP,66389
Ohio,Kenwood CDP,66386
Ohio,Meyers Lake village,66354
Ohio,Milan village,66250
Ohio,North Royalton city,66189
Ohio,Castalia village,66154
Ohio,Stow city,66079
Ohio,Lafayette CDP,65938
Ohio,Lyndhurst city,65921
Ohio,Valley City CDP,65694
Ohio,Ashville village,65625
Ohio,Shawnee CDP,65625
Ohio,Fairlawn city,65521
Ohio,North Bend village,65417
Ohio,Summitville village,65417
Ohio,Timberlake village,65313
Ohio,Grove City city,65277
Ohio,Rocky River city,65226
Ohio,Pleasant Run CDP,65222
Ohio,University Heights city,65143
Ohio,Pleasant Run Farm CDP,65060
Ohio,Lake Lakengren CDP,64897
Ohio,Cleves village,64848
Ohio,Loveland Park CDP,64754
Ohio,Brooklyn Heights village,64722
Ohio,Brunswick city,64706
Ohio,Union city,64608
Ohio,Shawnee Hills CDP,64423
Ohio|Put|in,Put-in-Bay village,64375
Ohio,Dillonvale CDP,64337
Ohio,Ridgeville Corners CDP,64188
Ohio,Derby CDP,64167
Ohio,Mulberry CDP,64167
Ohio,Milford Center village,64107
Ohio,Fort Jennings village,64000
Ohio,Andersonville CDP,63875
Ohio,Northgate CDP,63864
Ohio,St. Johns CDP,63684
Ohio,Trenton city,63618
Ohio,Centerville city,63524
Ohio,Cortland city,63493
Ohio,Tipp City city,63349
Ohio,Kidron CDP,63125
Ohio,Maumee city,63043
Ohio,Howland Center CDP,63024
Ohio,Munroe Falls city,62855
Ohio,Wadsworth city,62607
Ohio,Newport CDP (Washington County),62574
Ohio,Fort Shawnee CDP,62514
Ohio,Yellow Springs village,62500
Ohio,Mogadore village,62477
Ohio,Marne CDP,62396
Ohio,Marysville city,62371
Ohio,Norton city,62355
Ohio,Candlewood Lake CDP,62222
Ohio,Rochester village,62188
Ohio,Hanover village,62159
Ohio,Malinta village,62083
Ohio,Olmsted Falls city,62058
Ohio,Uniontown CDP,62000
Ohio,Plain City village,61958
Ohio,South Lebanon village,61957
Ohio,Graysville village,61875
Ohio,New Knoxville village,61875
Ohio,Zoar village,61875
Ohio,New Haven CDP (Hamilton County),61731
Ohio,Lebanon city,61669
Ohio,Reynoldsburg city,61648
Ohio,North Kingsville village,61555
Ohio,Rossford city,61485
Ohio,North Olmsted city,61444
Ohio,Alexandria village,61442
Ohio,Bolivar village,61375
Ohio,Harrison city,61343
Ohio,Willoughby Hills city,61276
Ohio,Mutual village,61250
Ohio,Little Hocking CDP,61094
Ohio,Doylestown village,61092
Ohio,Waynesville village,61005
Ohio,Russia village,61000
Ohio,Buchtel village,60859
Ohio,Chardon city,60845
Ohio,North Zanesville CDP,60750
Ohio,Medina city,60706
Ohio,Fresno CDP,60688
Ohio,Apple Valley CDP,60656
Ohio,Huber Ridge CDP,60563
Ohio,Ottoville village,60500
Ohio,Morrow village,60417
Ohio,Kimbolton CDP,60385
Ohio,Fairfield city,60336
Ohio,Bridgetown CDP,60318
Ohio,White Oak CDP,60264
Ohio,South Vienna village,60074
Ohio,Mount Repose CDP,59959
Ohio,Tallmadge city,59863
Ohio,Luckey village,59750
Ohio,South Euclid city,59734
Ohio,Liberty Center village,59583
Ohio,Hunter CDP,59500
Ohio,Marshallville village,59375
Ohio,Zanesfield village,59375
Ohio,Burkettsville village,58958
Ohio,Middleburg Heights city,58810
Ohio,Elmore village,58750
Ohio,Farmersville village,58750
Ohio,New Hampshire CDP,58750
Ohio,Streetsboro city,58511
Ohio,Delaware city,58472
Ohio,Clinton village,58438
Ohio,Kipton village,58333
Ohio,Garrettsville village,58250
Ohio,Sheffield Lake city,58153
Ohio,Bascom CDP,58125
Ohio,LaGrange village,58088
Ohio,Berea city,57896
Ohio,Shiloh village,57813
Ohio,Helena village,57708
Ohio,Williston CDP,57639
Ohio,McDermott CDP,57566
Ohio,Finneytown CDP,57546
Ohio,Tedrow CDP,57500
Ohio,Northwood city,57488
Ohio,Green Meadows CDP,57357
Ohio,Northfield village,57344
Ohio,Pitsburg village,57321
Ohio,Robertsville CDP,57321
Ohio,Fort Recovery village,57250
Ohio,Pettisville CDP,57250
Ohio,Chesterland CDP,57159
Ohio,Summerside CDP,57091
Ohio,Hooven CDP,57083
Ohio,Lake Tomahawk CDP,57042
Ohio,Eaton Estates CDP,57037
Ohio,Northridge CDP,56986
Ohio,Amesville village,56875
Ohio,Millbury village,56765
Ohio,Groveport city,56750
Ohio,Millville village,56705
Ohio,Greenhills village,56537
Ohio,Withamsville CDP,56481
Ohio,Kelleys Island village,56458
Ohio,Pemberville village,56438
Ohio,New Burlington CDP,56401
Ohio,West Leipsic village,56328
Ohio,Bloomingdale village,56250
Ohio,Brimfield CDP,56250
Ohio,Harveysburg village,56250
Ohio,North Star village,56250
Ohio,Richville CDP,56250
Ohio,Englewood city,55985
Ohio,Orangeville village,55938
Ohio,Verona village,55938
Ohio,North Canton city,55874
Ohio,Waterford CDP,55833
Ohio,Rosemount CDP,55817
Ohio,Enon village,55795
Ohio,Pleasant Hill village,55750
Ohio,Bloomdale village,55703
Ohio,Spring Valley village,55694
Ohio,Lakeline village,55625
Ohio,Waynesfield village,55598
Ohio,New Baltimore CDP,55590
Ohio,South Bloomfield village,55532
Ohio,Norwich village,55417
Ohio,Westminster CDP,55375
Ohio,Woodstock village,55313
Ohio,Thornville village,55259
Ohio,South Amherst village,55250
Ohio,Grand Rapids village,55234
Ohio,Donnelsville village,55227
Ohio,Archbold village,55203
Ohio,Delshire CDP,55196
Ohio,Seville village,55188
Ohio,Oregon city,55157
Ohio,Pleasant Hills CDP,55150
Ohio,Woodlawn village,55028
Ohio,Convoy village,55000
Ohio,Fayetteville village,55000
Ohio,Yorkshire village,54688
Ohio,Latty village,54583
Ohio,Miamisburg city,54557
Ohio,North Fairfield village,54500
Ohio,Willowick city,54493
Ohio,Gnadenhutten village,54432
Ohio,Fairview Park city,54431
Ohio,Huber Heights city,54357
Ohio,Portage Lakes CDP,54348
Ohio,Pleasant Grove CDP,54231
Ohio,Arcadia village,54167
Ohio,Chickasaw village,54167
Ohio,East Sparta village,54107
Ohio,Caledonia village,54091
Ohio,Louisville city,54087
Ohio,Corwin village,54083
Ohio,Lake Lorelei CDP,53929
Ohio,Cleveland Heights city,53901
Ohio,Ballville CDP,53773
Ohio,Brice village,53750
Ohio,Jeromesville village,53750
Ohio,Midway village,53750
Ohio,Mount Blanchard village,53750
Ohio,New Athens village,53750
Ohio,Mineral Ridge CDP,53607
Ohio,Chippewa Lake village,53594
Ohio,Lordstown village,53523
Ohio,Groesbeck CDP,53425
Ohio,Willoughby city,53324
Ohio,Hayesville village,53250
Ohio,Stone Creek village,53214
Ohio,East Fultonham CDP,53194
Ohio,Genoa village,53169
Ohio,Portage village,53158
Ohio,Miller City village,53125
Ohio,Milton Center village,53125
Ohio,Negley CDP,53125
Ohio,Huntsville village,53088
Ohio,Wintersville village,52984
Ohio,Somerset village,52941
Ohio,Sharonville city,52934
Ohio,West Mansfield village,52917
Ohio,Millersport village,52813
Ohio,Forest Park city,52750
Ohio,Aquilla village,52708
Ohio,Vandalia city,52700
Ohio,Amelia village,52628
Ohio,Hannibal CDP,52604
Ohio,Grafton village,52545
Ohio,Swanton village,52452
Ohio,Botkins village,52321
Ohio,Kirkersville village,52308
Ohio,Madison village,52222
Ohio,Hopedale village,52083
Ohio,Lexington village,52045
Ohio,Zaleski village,52031
Ohio,Calcutta CDP,52019
Ohio,Carlisle village,51892
Ohio,Orient CDP,51875
Ohio,Mechanicsburg village,51750
Ohio,Old Washington village,51731
Ohio,Mineral City village,51719
Ohio,Champion Heights CDP,51680
Ohio,Hamersville village,51667
Ohio,Monroeville village,51667
Ohio,Oakwood village (Cuyahoga County),51667
Ohio,West Jefferson village,51644
Ohio,Huron city,51633
Ohio,Cuyahoga Falls city,51586
Ohio,Bailey Lakes village,51563
Ohio,Cygnet village,51563
Ohio,Gordon village,51563
Ohio,Apple Creek village,51528
Ohio,St. Paris village,51518
Ohio,Magnolia village,51500
Ohio,Eastlake city,51462
Ohio,North Hampton village,51458
Ohio,Kettering city,51441
Ohio,Fairfield Beach CDP,51406
Ohio,Oberlin city,51404
Ohio,Parma city,51383
Ohio,Strasburg village,51369
Ohio,North Lewisburg village,51346
Ohio,Fletcher village,51250
Ohio,Glenford village,51250
Ohio,Harrisburg village,51250
Ohio,Richmond Heights city,51212
Ohio,Fairfax village,51189
Ohio,Boardman CDP,51158
Ohio,East Canton village,51136
Ohio,Macksburg village,51136
Ohio,Vermilion city,51108
Ohio,Florida village,51042
Ohio,North Madison CDP,51039
Ohio,Wickliffe city,51018
Ohio,Leesville village,50938
Ohio,St. Louisville village,50938
Ohio,Delta village,50924
Ohio,Jenera village,50833
Ohio,Pulaski CDP,50833
Ohio,Lindsey village,50795
Ohio,Sugarcreek village,50776
Ohio,Burlington CDP,50775
Ohio,Gibsonburg village,50761
Ohio,Holgate village,50714
Ohio,Amanda village,50682
Ohio,Woodville village,50676
Ohio,Lake Buckhorn CDP,50637
Ohio,Jefferson village,50523
Ohio,Prospect village,50455
Ohio,Carey village,50417
Ohio,Plainfield village,50417
Ohio,Clyde city,50339
Ohio,Brookside village,50323
Ohio,Melrose village,50313
Ohio,Mount Cory village,50313
Ohio,Wheelersburg CDP,50264
Ohio,Gratis village,50208
Ohio|Mentor|on|the,Mentor-on-the-Lake city,50040
Ohio,Atwater CDP,50000
Ohio,Butlerville village,50000
Ohio,Ontario city,50000
Ohio,Cinnamon Lake CDP,49942
Ohio,Germantown city,49937
Ohio,Wapakoneta city,49934
Ohio,Pandora village,49931
Ohio,Columbiana city,49930
Ohio,Seven Mile village,49911
Ohio,Hiram village,49779
Ohio,Plymouth village,49659
Ohio,Attica village,49567
Ohio,Smithville village,49554
Ohio,Polk village,49500
Ohio,Rossburg village,49500
Ohio,Jackson Center village,49483
Ohio,Sugar Grove village,49464
Ohio,Batavia village,49398
Ohio,Arcanum village,49392
Ohio,Batesville village,49375
Ohio,Rock Creek village,49375
Ohio,South Webster village,49375
Ohio,Stryker village,49375
Ohio,Cuyahoga Heights village,49286
Ohio,Springdale city,49200
Ohio,Vienna Center CDP,49196
Ohio,Uniopolis village,49167
Ohio,Deer Park city,49102
Ohio,Logan Elm Village CDP,49079
Ohio,New Washington village,49063
Ohio,Bellevue city,49017
Ohio,Baltic village,49000
Ohio,Dalton village,48964
Ohio,Vanlue village,48958
Ohio,Darbydale CDP,48875
Ohio,Walnut Creek CDP,48824
Ohio,Brook Park city,48813
Ohio,Bairdstown village,48750
Ohio,Belle Center village,48750
Ohio,Burbank village,48750
Ohio,Custar village,48750
Ohio,Fredericksburg village,48750
Ohio,Gloria Glens Park village,48750
Ohio,New Bavaria village,48750
Ohio,Wauseon city,48750
Ohio,West Rushville village,48750
Ohio,Yankee Lake village,48750
Ohio,Metamora village,48636
Ohio,Rossmoyne CDP,48576
Ohio,Blacklick Estates CDP,48538
Ohio,Payne village,48529
Ohio,London city,48504
Ohio,Shadyside village,48385
Ohio,Fairport Harbor village,48346
Ohio,St. Bernard village,48305
Ohio,Coldwater village,48250
Ohio,Lewisville village,48194
Ohio,Midvale village,48167
Ohio,Marseilles village,48125
Ohio,West Farmington village,48125
Ohio,Williamsburg village,48102
Ohio,Bellville village,48021
Ohio,Bremen village,47989
Ohio,Johnstown village,47978
Ohio,Bradford village,47969
Ohio,McComb village,47917
Ohio,Wayne Lakes village,47917
Ohio,Bettsville village,47898
Ohio,Columbus Grove village,47750
Ohio,North Robinson village,47750
Ohio,Troy city,47743
Ohio,Eldorado village,47500
Ohio,Stoutsville village,47500
Ohio,Dover city,47451
Ohio,Jerry City village,47411
Ohio,McDonald village,47368
Ohio,Beaverdam village,47344
Ohio,Harrod village,47321
Ohio,Tuscarawas village,47292
Ohio,Spencer village,47273
Ohio,New Richmond village,47245
Ohio,Versailles village,47199
Ohio,Columbus city,47156
Ohio,Lakewood city,47145
Ohio,Grand River village,47083
Ohio,Wilson village,47083
Ohio,Wakeman village,47031
Ohio,Holmesville village,46964
Ohio,Ludlow Falls village,46964
Ohio,Unionville Center village,46964
Ohio,Holland village,46950
Ohio,Cairo village,46875
Ohio,Mount Eaton village,46875
Ohio,Russellville village,46875
Ohio,Creston village,46765
Ohio,Carroll village,46719
Ohio,Richmond village,46719
Ohio,Sidney city,46697
Ohio,Hartford village,46667
Ohio,Wren village,46667
Ohio,Kinsman Center CDP,46648
Ohio,Pheasant Run CDP,46629
Ohio,South Point village,46612
Ohio,Newport CDP (Shelby County),46583
Ohio,Republic village,46563
Ohio,Carrollton village,46556
Ohio,North Baltimore village,46458
Ohio,Ridgeway village,46458
Ohio,Franklin city,46438
Ohio,Hamler village,46316
Ohio,McCutchenville CDP,46306
Ohio,Moraine city,46283
Ohio,Castine village,46250
Ohio,Lucas village,46250
Ohio,Newtonsville village,46250
Ohio,Old Fort CDP,46250
Ohio,Phillipsburg village,46250
Ohio,Tarlton village,46250
Ohio,Wellington village,46207
Ohio,Hartville village,46204
Ohio,West Liberty village,46181
Ohio,Nevada village,46042
Ohio,Gann village,46000
Ohio,Morral village,46000
Ohio,North Lawrence CDP,46000
Ohio,Radnor CDP,46000
Ohio,Tuppers Plains CDP,45960
Ohio,Chatfield village,45938
Ohio,Lyons village,45938
Ohio,Orrville city,45883
Ohio,Mayfield Heights city,45875
Ohio,New Madison village,45865
Ohio,Rawson village,45833
Ohio,Clarksville village,45625
Ohio,Gratiot village,45625
Ohio,Sinking Spring village,45625
Ohio,Ashley village,45560
Ohio,Limaville village,45521
Ohio,Willshire village,45500
Ohio,West Alexandria village,45469
Ohio,Brady Lake village,45417
Ohio,Fultonham village,45417
Ohio,Napoleon city,45417
Ohio,Waynesburg village,45417
Ohio,Findlay city,45364
Ohio,Clarington village,45313
Ohio,Syracuse village,45313
Ohio,Scott village,45250
Ohio,Port Clinton city,45244
Ohio,Continental village,45200
Ohio,Brooklyn city,45102
Ohio,Miamitown CDP,45099
Ohio,Deshler village,45093
Ohio,Forest village,45035
Ohio,Buckland village,45000
Ohio,Catawba village,45000
Ohio,Christiansburg village,45000
Ohio,Lucasville CDP,45000
Ohio,Potsdam village,45000
Ohio,Salesville village,45000
Ohio,West Milton village,44984
Ohio,Brookville city,44898
Ohio,Venedocia village,44896
Ohio,Lewisburg village,44886
Ohio,La Croft CDP,44879
Ohio,Arlington village,44830
Ohio,Minerva village,44722
Ohio,Canal Fulton city,44711
Ohio,Hanoverton village,44688
Ohio,Heath city,44656
Ohio,Craig Beach village,44643
Ohio,Cloverdale village,44583
Ohio,Parma Heights city,44564
Ohio,Delphos city,44528
Ohio,Williamsdale CDP,44516
Ohio,Ottawa village,44487
Ohio,Mingo Junction village,44387
Ohio,Rocky Ridge village,44375
Ohio,Woodmere village,44333
Ohio,Kingston village,44313
Ohio,Mount Pleasant village,44286
Ohio,Reading city,44271
Ohio,Rockford village,44236
Ohio,Green Springs village,44231
Ohio,Paulding village,44191
Ohio,Wayne village,44167
Ohio,Bay View village,44135
Ohio,Burton village,44091
Ohio,Chesterville village,44063
Ohio,Laura village,44063
Ohio,McKinley Heights CDP,44038
Ohio,Jamestown village,44028
Ohio,Gilboa village,44000
Ohio,Philo village,44000
Ohio,Racine village,44000
Ohio,Damascus CDP,43958
Ohio,Stony Prairie CDP,43958
Ohio,Bradner village,43920
Ohio,Riverside city,43888
Ohio,Northbrook CDP,43875
Ohio,Defiance city,43855
Ohio,Sherwood village,43846
Ohio,Edgerton village,43824
Ohio,Smithfield village,43819
Ohio,Deersville village,43750
Ohio,Fulton village,43750
Ohio,Lincoln Village CDP,43616
Ohio,Senecaville village,43611
Ohio,Park Layne CDP,43586
Ohio,Cherry Fork village,43548
Ohio,Cadiz village,43537
Ohio,Jacksonville village,43523
Ohio,Trinway CDP,43500
Ohio,Obetz village,43462
Ohio,Mount Carmel CDP,43415
Ohio,Hanging Rock village,43333
Ohio,Harpster village,43295
Ohio,New Concord village,43250
Ohio,Baltimore village,43208
Ohio,New Alexandria village,43125
Ohio,Benton Ridge village,43068
Ohio,Williamsport village,43036
Ohio,Holloway village,43000
Ohio,Wharton village,42969
Ohio,Leetonia village,42917
Ohio,Patterson village,42917
Ohio,Massillon city,42808
Ohio,Covington village,42614
Ohio,Cedarville village,42609
Ohio,Weston village,42560
Ohio,Clifton village,42500
Ohio,Cumberland village,42500
Ohio,Neffs CDP,42500
Ohio,Quincy village,42500
Ohio,Tremont City village,42500
Ohio,Utica village,42500
Ohio,Bellefontaine city,42471
Ohio,Lakeview village,42462
Ohio,Mount Healthy Heights CDP,42442
Ohio,Sycamore village,42426
Ohio,Mount Orab village,42415
Ohio,Masury CDP,42396
Ohio,Oak Harbor village,42394
Ohio,Iberia CDP,42375
Ohio,Savannah village,42266
Ohio,Celina city,42263
Ohio,Rittman city,42227
Ohio,Barnhill village,42222
Ohio,Duncan Falls CDP,42188
Ohio,Harbor View village,42188
Ohio,Shreve village,42167
Ohio,Bladensburg CDP,42045
Ohio,Edon village,42019
Ohio,Perry Heights CDP,41956
Ohio,New Holland village,41944
Ohio,Glenmont village,41923
Ohio,Van Wert city,41900
Ohio,Flushing village,41875
Ohio,Lakemore village,41844
Ohio,North College Hill city,41841
Ohio,St. Marys city,41841
Ohio,Austintown CDP,41789
Ohio,Greenwich village,41786
Ohio,New Philadelphia city,41753
Ohio,Brewster village,41727
Ohio,Wooster city,41703
Ohio,Pioneer village,41691
Ohio,New London village,41683
Ohio,New Riegel village,41667
Ohio,New Weston village,41667
Ohio,Painesville city,41652
Ohio,Camden village,41646
Ohio,Geneva city,41640
Ohio,Lafayette village,41625
Ohio,Oakwood village (Paulding County),41607
Ohio,Sardis CDP,41607
Ohio,St. Martin CDP,41594
Ohio,Middlefield village,41556
Ohio,West Manchester village,41538
Ohio,Fairborn city,41529
Ohio,Mantua village,41500
Ohio,Clay Center village,41406
Ohio,Hubbard city,41380
Ohio,Butler village,41375
Ohio,Hicksville village,41372
Ohio,Morristown village,41364
Ohio,Brilliant CDP,41349
Ohio,Albany village,41339
Ohio,Norwalk city,41316
Ohio,Cheviot city,41289
Ohio,Bedford city,41285
Ohio,Dellroy village,41250
Ohio,Jacksonburg village,41250
Ohio,Milledgeville village,41250
Ohio,Miltonsburg village,41250
Ohio,Rushsylvania village,41250
Ohio,South Solon village,41250
Ohio,Sparta village,41250
Ohio,Waldo village,41250
Ohio,Warsaw village,41250
Ohio,West Elkton village,41250
Ohio,Dupont village,41167
Ohio,Sarahsville village,41161
Ohio,New Middletown village,41154
Ohio,Montpelier village,41101
Ohio,Bergholz village,41094
Ohio,Malvern village,41094
Ohio,Blanchester village,41080
Ohio,Shelby city,41077
Ohio,Tiffin city,41037
Ohio,Dunkirk village,41000
Ohio,Lockington village,41000
Ohio,Elyria city,40967
Ohio,Martinsburg village,40893
Ohio,Willard city,40864
Ohio,East Palestine village,40854
Ohio,Conesville village,40833
Ohio,Dillonvale village,40833
Ohio,Somerville village,40833
Ohio,Good Hope CDP,40815
Ohio,Midland village,40750
Ohio,Scio village,40750
Ohio,Bethel village,40677
Ohio,Fredericktown village,40673
Ohio,Antioch village,40625
Ohio,New Miami village,40625
Ohio,Leipsic village,40543
Ohio,Wilmot village,40536
Ohio,Sherrodsville village,40469
Ohio,Stony Ridge CDP,40469
Ohio,Grover Hill village,40455
Ohio,Valleyview village,40441
Ohio,Spencerville village,40430
Ohio,Hamilton city,40401
Ohio,Upper Sandusky city,40397
Ohio,Garfield Heights city,40376
Ohio,Windham village,40370
Ohio,Ohio City village,40368
Ohio,Golf Manor village,40361
Ohio,Norwood city,40306
Ohio,Circleville city,40276
Ohio,Bolindale CDP,40194
Ohio,Antwerp village,40184
Ohio,Lansing CDP,40145
Ohio,Arlington Heights village,40139
Ohio,Sawyerwood CDP,40130
Ohio,New Waterford village,40119
Ohio,Piqua city,40101
Ohio,Sandyville CDP,40083
Ohio,Hebron village,40068
Ohio,Kenton city,40026
Ohio,Beach City village,40000
Ohio,Ney village,40000
Ohio,Port Washington village,40000
Ohio,Stafford village,40000
Ohio,Newton Falls village,39980
Ohio,Jerusalem village,39896
Ohio,Buford CDP,39861
Ohio,Green Camp village,39844
Ohio,Walbridge village,39826
Ohio,Glenmoor CDP,39620
Ohio,Beverly village,39583
Ohio,Powhatan Point village,39565
Ohio,Coal Grove village,39474
Ohio,Barberton city,39456
Ohio,Bethesda village,39423
Ohio,Ashland city,39417
Ohio,Bloomville village,39417
Ohio,Wellston city,39398
Ohio,Chilo village,39375
Ohio,Edison village,39375
Ohio,Magnetic Springs village,39375
Ohio,Mount Victory village,39375
Ohio,West Lafayette village,39348
Ohio,Lore City village,39327
Ohio,Niles city,39311
Ohio,Fayette village,39125
Ohio,Rushville village,39107
Ohio,Nellie village,39028
Ohio,Lakeside CDP,38980
Ohio,College Corner village,38977
Ohio,Blakeslee village,38929
Ohio,Lockbourne village,38929
Ohio,Newark city,38913
Ohio,Parral village,38906
Ohio,Casstown village,38854
Ohio,Irondale village,38750
Ohio,Port Jefferson village,38750
Ohio,Glencoe CDP,38705
Ohio,Hemlock village,38636
Ohio,Lancaster city,38625
Ohio,Salem city,38624
Ohio,Berlin Heights village,38542
Ohio,Mendon village,38516
Ohio,Killbuck village,38500
Ohio,Toronto city,38438
Ohio,Xenia city,38426
Ohio,Milford city,38418
Ohio,McArthur village,38382
Ohio,Vickery CDP,38375
Ohio,Buckeye Lake village,38359
Ohio,Coshocton city,38310
Ohio,McGuffey village,38295
Ohio,De Graff village,38281
Ohio,Jeffersonville village,38276
Ohio,Roswell village,38250
Ohio,Wilkesville village,38125
Ohio,Navarre village,38036
Ohio,Waverly village,38015
Ohio,Jewett village,37981
Ohio,Churchill CDP,37951
Ohio,Dresden village,37946
Ohio,New Lebanon village,37929
Ohio,Maple Heights city,37911
Ohio,Washington Court House city,37905
Ohio,Rose Farm CDP,37865
Ohio,Leavittsburg CDP,37857
Ohio,Risingsun village,37857
Ohio,West Carrollton city,37814
Ohio,New Carlisle city,37798
Ohio,Chillicothe city,37757
Ohio,New Vienna village,37727
Ohio,Richwood village,37724
Ohio,Bedford Heights city,37692
Ohio,Bridgeport village,37692
Ohio,Hoytville village,37679
Ohio,Whitehall city,37671
Ohio,Orwell village,37635
Ohio,Ansonia village,37596
Ohio,Chesapeake village,37500
Ohio,Thurston village,37500
Ohio,Tiro village,37500
Ohio,Jackson city,37476
Ohio,Cridersville village,37434
Ohio,Struthers city,37431
Ohio,Girard city,37426
Ohio,Lake Milton CDP,37404
Ohio,Vincent CDP,37391
Ohio,Frazeysburg village,37366
Ohio,Loudonville village,37344
Ohio,Coolville village,37321
Ohio,Washingtonville village,37321
Ohio,West Salem village,37270
Ohio,Chesterhill village,37250
Ohio,Middle Point village,37250
Ohio,Lynchburg village,37212
Ohio,Plumwood CDP,37174
Ohio,Belmont village,37143
Ohio,Crestline village,37143
Ohio,Belpre city,37118
Ohio,Lowell village,37083
Ohio,Pleasant City village,37063
Ohio,Cheshire village,36944
Ohio,Middletown city,36898
Ohio,Elgin village,36875
Ohio,Rayland village,36875
Ohio,Danville village,36850
Ohio,Millersburg village,36829
Ohio,Franklin Furnace CDP,36750
Ohio,Urbana city,36736
Ohio,Broughton village,36667
Ohio,Centerburg village,36667
Ohio,Darbyville village,36667
Ohio,Rudolph CDP,36602
Ohio,Lisbon village,36581
Ohio,Valley Hi village,36563
Ohio,Kent city,36539
Ohio,South Salem village,36528
Ohio,Eaton city,36487
Ohio,Addyston village,36313
Ohio,Mount Gilead village,36303
Ohio,Crystal Rock CDP,36250
Ohio,Mifflin village,36250
Ohio,Bucyrus city,36230
Ohio,Lodi village,36207
Ohio,Maple Ridge CDP,36125
Ohio,Ravenna city,36087
Ohio,Montezuma village,36071
Ohio,Rogers village,36000
Ohio,Euclid city,35949
Ohio,West Unity village,35929
Ohio,Hessville CDP,35897
Ohio,Lorain city,35753
Ohio,Crystal Lakes CDP,35735
Ohio,Warrensville Heights city,35733
Ohio,Adelphi village,35500
Ohio,Greenville city,35471
Ohio,South Charleston village,35375
Ohio,North Randall village,35288
Ohio,Akron city,35240
Ohio,Fostoria city,35168
Ohio,Freeport village,35125
Ohio,Ada village,35022
Ohio,Belmore village,35000
Ohio,Bowersville village,35000
Ohio,Martinsville village,35000
Ohio,Pleasantville village,35000
Ohio,Marion city,34932
Ohio,Bloomingburg village,34861
Ohio,Conneaut city,34856
Ohio,McClure village,34779
Ohio,Silverton village,34750
Ohio,Sabina village,34706
Ohio,Mount Vernon city,34698
Ohio,Edgewood CDP,34688
Ohio,Cincinnati city,34629
Ohio,Gettysburg village,34583
Ohio,Pleasant Plain village,34583
Ohio,Georgetown village,34569
Ohio,Sebring village,34566
Ohio,Murray City village,34554
Ohio,Toledo city,34548
Ohio,Bryan city,34490
Ohio,Trotwood city,34490
Ohio,Mount Healthy city,34404
Ohio,La Rue village,34375
Ohio,Rarden village,34375
Ohio,New Haven CDP (Huron County),34293
Ohio,Fremont city,34167
Ohio,Lowellville village,34167
Ohio,Ironton city,34140
Ohio,Woodsfield village,34120
Ohio,Wilmington city,33845
Ohio,Sandusky city,33817
Ohio,Mount Sterling village,33782
Ohio,Marengo village,33750
Ohio,Newburgh Heights village,33750
Ohio,Rutland village,33750
Ohio,Vinton village,33750
Ohio,Gallipolis village,33704
Ohio,Marietta city,33670
Ohio,Ripley village,33603
Ohio,New Lexington village,33563
Ohio,Bowling Green city,33562
Ohio,Martins Ferry city,33456
Ohio,Hollansburg village,33438
Ohio,West Portsmouth CDP,33379
Ohio,Steubenville city,33369
Ohio,Barnesville village,33355
Ohio,Yorkville village,33313
Ohio,Amsterdam village,33289
Ohio,Mansfield city,33257
Ohio,The Plains CDP,33207
Ohio,Morgandale CDP,33145
Ohio,Congress village,33125
Ohio,Hillsboro city,33051
Ohio,Mowrystown village,33036
Ohio,Linndale village,32857
Ohio,South Zanesville village,32831
Ohio,Galion city,32721
Ohio,Adena village,32708
Ohio,Uhrichsville city,32663
Ohio,Alger village,32629
Ohio,Skyline Acres CDP,32500
Ohio,Perrysville village,32366
Ohio,Byesville village,32267
Ohio,Newcomerstown village,32266
Ohio,Salineville village,32260
Ohio,Highland village,32206
Ohio,Springfield city,32165
Ohio,Fort Seneca CDP,32083
Ohio,Alliance city,32058
Ohio,Seaman village,31974
Ohio,Ithaca village,31964
Ohio,Howard CDP,31940
Ohio,Athalia village,31750
Ohio,Beallsville village,31750
Ohio,Lockland village,31742
Ohio,Buffalo CDP,31713
Ohio,Neville village,31667
Ohio,New Bloomington village,31667
Ohio,Sardinia village,31667
Ohio|Geneva|on|the,Geneva-on-the-Lake village,31633
Ohio,New Paris village,31633
Ohio,Adamsville village,31500
Ohio,Frankfort village,31477
Ohio,West Millgrove village,31429
Ohio,New Marshfield CDP,31417
Ohio,Carbon Hill CDP,31400
Ohio,Harrisville village,31397
Ohio,Nashville village,31364
Ohio,Clarktown CDP,31250
Ohio,Crooksville village,31250
Ohio,Palestine village,31250
Ohio,Summerfield village,31250
Ohio,Tiltonsville village,31154
Ohio,Logan city,31096
Ohio,Port William village,31000
Ohio,Lima city,30953
Ohio,Haviland village,30938
Ohio,Leesburg village,30913
Ohio,Higginsport village,30875
Ohio,Cambridge city,30795
Ohio,Oak Hill village,30685
Ohio,Empire village,30625
Ohio,Russells Point village,30446
Ohio,Canton city,30444
Ohio,Bainbridge village,30391
Ohio,Cardington village,30369
Ohio,Corning village,30313
Ohio,East Liverpool city,30291
Ohio,Caldwell village,30071
Ohio,McConnelsville village,30000
Ohio,Cecil village,29904
Ohio,Quaker City village,29479
Ohio,Oxford city,29451
Ohio,Chippewa Park CDP,29432
Ohio,Kirby village,29375
Ohio,Octa village,29375
Ohio,Coalton village,29219
Ohio,Warren city,29176
Ohio,Lower Salem village,29167
Ohio,Roseville village,29107
Ohio,Beloit village,29091
Ohio,Manchester village,29077
Ohio,Campbell city,28952
Ohio,Dennison village,28917
Ohio,Ashtabula city,28865
Ohio,Crown City village,28750
Ohio,Dayton city,28745
Ohio,Winchester village,28690
Ohio,Elmwood Place village,28672
Ohio,Peebles village,28558
Ohio,Wellsville village,28171
Ohio,Chauncey village,28000
Ohio,Portsmouth city,27769
Ohio,Junction City village,27609
Ohio,Drexel CDP,27418
Ohio,Stratton village,27396
Ohio,Shawnee village,27303
Ohio,Union City village,27206
Ohio,Aberdeen village,27125
Ohio,Matamoras village,27083
Ohio,Canal Lewisville CDP,26875
Ohio,Belle Valley village,26667
Ohio,Cleveland city,26583
Ohio,Malta village,26481
Ohio,Glouster village,26450
Ohio,Stockport village,26406
Ohio,Greenfield village,26361
Ohio,Proctorville village,26333
Ohio,Zanesville city,26039
Ohio,Owensville village,25938
Ohio,Nelsonville city,25735
Ohio,Laurelville village,25682
Ohio,Bowerston village,25625
Ohio,Bellaire village,25594
Ohio,Piketon village,25500
Ohio,Pomeroy village,25380
Ohio,Trimble village,25375
Ohio,Youngstown city,24448
Ohio,Millfield CDP,24408
Ohio,Hamden village,24375
Ohio,Middleport village,24263
Ohio,Maplewood Park CDP,24141
Ohio,Highland Hills village,23984
Ohio,Felicity village,23942
Ohio,New Straitsville village,23929
Ohio,Reno CDP,23859
Ohio,Lincoln Heights village,23494
Ohio,Andover village,22688
Ohio,Athens city,22204
Ohio,Clarksburg village,22159
Ohio,Rocky Fork Point CDP,22109
Ohio,Rio Grande village,21932
Ohio,Alvordton CDP,21771
Ohio,Otway village,20938
Ohio,Beaver village,20750
Ohio,Highland Holiday CDP,20667
Ohio,West Union village,20479
Ohio,Wolfhurst CDP,20357
Ohio,West Hill CDP,19961
Ohio,East Cleveland city,19953
Ohio,Austinburg CDP,19350
Ohio,Lafferty CDP,18229
Ohio,Urbancrest village,16480
Ohio,Kunkle CDP,16444
Ohio,Brecon CDP,15859
Ohio,Nettle Lake CDP,15469
Ohio,New Boston village,14745
