occupation,numberEmployed,averageSalary,
Anesthesiologists,30190,269600,
Surgeons,41190,252910,
Obstetricians and Gynecologists,19800,234310,
Oral and Maxillofacial Surgeons,5380,232870,
Orthodontists,5200,228780,
"Physicians and Surgeons, All Other",338620,205560,
"Internists, General",45290,201840,
Family and General Practitioners,122970,200810,
Psychiatrists,24820,200220,
Chief Executives,223260,194350,
"Pediatricians, General",26960,184240,
"Dentists, General",105620,173860,
"Dentists, All Other Specialists",5380,171900,
Prosthodontists,750,168140,
Nurse Anesthetists,39860,164030,
"Airline Pilots, Copilots, and Flight Engineers",81520,152770,
Petroleum Engineers,32780,147030,
Computer and Information Systems Managers,352510,145740,
Marketing Managers,205900,144140,
Podiatrists,9800,144110,
Architectural and Engineering Managers,178390,143870,
Lawyers,619530,139880,
Financial Managers,543300,139720,
Natural Sciences Managers,54780,136150,
Sales Managers,365230,135090,
"Law Teachers, Postsecondary",16010,134530,
Compensation and Benefits Managers,15230,126900,
"Health Specialties Teachers, Postsecondary",186740,125430,
Public Relations and Fundraising Managers,63970,123360,
Personal Financial Advisors,201850,123100,
General and Operations Managers,2188870,122090,
Physicists,16680,121770,
Pharmacists,305510,120270,
Human Resources Managers,129810,120210,
Computer Hardware Engineers,72950,118700,
Air Traffic Controllers,23240,118200,
Advertising and Promotions Managers,28860,117810,
Purchasing Managers,71750,117720,
Optometrists,36430,117580,
Computer and Information Research Scientists,26580,116320,
"Judges, Magistrate Judges, and Magistrates",27210,115460,
Training and Development Managers,32880,115180,
Actuaries,19940,114120,
Economists,19380,112860,
Political Scientists,6350,112250,
"Managers, All Other",403670,112150,
Aerospace Engineers,68510,112010,
"Economics Teachers, Postsecondary",13060,111520,
"Software Developers, Systems Software",409820,110590,
Astronomers,1830,110380,
Medical and Health Services Managers,332150,109370,
Sales Engineers,74330,108880,
"Engineering Teachers, Postsecondary",38000,107490,
Industrial Production Managers,168400,107060,
"Geoscientists, Except Hydrologists and Geographers",30420,106390,
Nuclear Engineers,17680,105950,
"Education Administrators, Postsecondary",138430,105770,
Mathematicians,2730,105600,
Chemical Engineers,31990,105420,
Nurse Practitioners,150230,104610,
Industrial-Organizational Psychologists,1020,104570,
"Software Developers, Applications",794000,104300,
Computer Network Architects,157070,104240,
"Electronics Engineers, Except Computer",132100,103760,
"Mining and Geological Engineers, Including Mining Safety Engineers",6940,103010,
Nurse Midwives,6270,102390,
"Securities, Commodities, and Financial Services Sales Agents",353780,102260,
Physician Assistants,104050,102090,
Materials Scientists,7750,101570,
Art Directors,36210,101170,
Veterinarians,67650,100560,
Marine Engineers and Naval Architects,8120,99860,
Construction Managers,249650,99510,
"Engineers, All Other",123390,99250,
Administrative Services Managers,266280,98930,
Electrical Engineers,183770,98620,
"Physical Scientists, All Other",18960,98460,
Financial Analysts,281610,97640,
"Transportation, Storage, and Distribution Managers",113270,97630,
"Physics Teachers, Postsecondary",14160,97520,
Materials Engineers,26800,97050,
"Business Teachers, Postsecondary",83030,96770,
"Agricultural Sciences Teachers, Postsecondary",10340,96630,
Information Security Analysts,96870,96040,
"Atmospheric, Earth, Marine, and Space Sciences Teachers, Postsecondary",10850,95900,
"Education Administrators, Elementary and Secondary School",242970,95390,
"Administrative Law Judges, Adjudicators, and Hearing Officers",14540,95240,
"Medical Scientists, Except Epidemiologists",108870,95000,
Atmospheric and Space Scientists,9800,94840,
"Psychologists, All Other",13310,94650,
Biochemists and Biophysicists,29200,94340,
"Political Science Teachers, Postsecondary",16720,94090,
Producers and Directors,114510,93840,
"Sales Representatives, Wholesale and Manufacturing, Technical and Scientific Products",328370,92910,
"Architecture Teachers, Postsecondary",7370,92890,
"Anthropology and Archeology Teachers, Postsecondary",5700,91940,
Management Analysts,637690,91910,
Computer Systems Analysts,568960,91620,
Nuclear Power Reactor Operators,7170,91370,
"Forestry and Conservation Science Teachers, Postsecondary",1750,90480,
"Biological Science Teachers, Postsecondary",50820,90420,
"Health and Safety Engineers, Except Mining Safety Engineers and Inspectors",25410,90190,
Biomedical Engineers,20590,89970,
Mechanical Engineers,285790,89800,
Civil Engineers,287800,89730,
"Computer Science Teachers, Postsecondary",32540,89670,
"Chemistry Teachers, Postsecondary",21250,89320,
Funeral Service Managers,8370,88970,
Financial Examiners,49750,88940,
"Computer Occupations, All Other",261210,88880,
"Environmental Science Teachers, Postsecondary",5520,88880,
Environmental Engineers,52280,88530,
Industrial Engineers,256550,88530,
First-Line Supervisors of Police and Detectives,100200,88400,
Physical Therapists,216920,87220,
Database Administrators,113730,87130,
Sociologists,2870,86840,
"Agents and Business Managers of Artists, Performers, and Athletes",13470,86560,
Commercial Pilots,38980,86260,
"Social Sciences Teachers, Postsecondary, All Other",13320,85950,
First-Line Supervisors of Non-Retail Sales Workers,252670,85830,
Computer Programmers,271200,85180,
Statisticians,33440,85160,
Radiation Therapists,17450,84980,
"Health Diagnosing and Treating Practitioners, All Other",36280,84800,
"Geography Teachers, Postsecondary",4140,84660,
"Area, Ethnic, and Cultural Studies Teachers, Postsecondary",9060,84590,
Network and Computer Systems Administrators,376820,84500,
"Architects, Except Landscape and Naval",99860,84470,
"Psychology Teachers, Postsecondary",37640,84440,
"Education Administrators, All Other",34140,84400,
Operations Research Analysts,109150,84340,
Hydrologists,6300,83740,
Athletes and Sports Competitors,10260,83730,
Occupational Therapists,118070,83730,
"Life Scientists, All Other",7890,83150,
"Mathematical Science Teachers, Postsecondary",52020,82650,
Film and Video Editors,29880,82190,
"Sociology Teachers, Postsecondary",14580,81600,
"Captains, Mates, and Pilots of Water Vessels",36720,81520,
Power Distributors and Dispatchers,11380,81500,
Detectives and Criminal Investigators,104980,81490,
Chiropractors,32960,81210,
Credit Analysts,72930,81160,
"Art, Drama, and Music Teachers, Postsecondary",99020,81050,
"History Teachers, Postsecondary",21800,80880,
"Social Scientists and Related Workers, All Other",36380,80860,
Chemists,86660,80820,
Gaming Managers,4280,79690,
Real Estate Brokers,40850,79340,
Audiologists,12310,79290,
"Clinical, Counseling, and School Psychologists",107980,78690,
Speech-Language Pathologists,135980,78210,
Broadcast News Analysts,5070,78200,
Emergency Management Directors,9570,78060,
"Biological Scientists, All Other",35110,77830,
Nuclear Technicians,6840,77820,
Logisticians,146060,77810,
Epidemiologists,5690,77720,
"Mathematical Science Occupations, All Other",2000,77550,
"Philosophy and Religion Teachers, Postsecondary",23180,77420,
Agricultural Engineers,1980,77330,
Budget Analysts,54700,77170,
First-Line Supervisors of Fire Fighting and Prevention Workers,57170,77050,
Elevator Installers and Repairers,22240,76860,
Microbiologists,21670,76850,
Accountants and Auditors,1246540,76730,
"Media and Communication Equipment Workers, All Other",18620,76500,
Fashion Designers,19230,76480,
Loan Officers,305700,76260,
"Financial Specialists, All Other",123270,76230,
"English Language and Literature Teachers, Postsecondary",71270,76140,
Nuclear Medicine Technologists,19650,75960,
"Farmers, Ranchers, and Other Agricultural Managers",4560,75790,
Insurance Underwriters,91650,75480,
"Environmental Scientists and Specialists, Including Health",84250,75360,
"Nursing Instructors and Teachers, Postsecondary",56210,75030,
Genetic Counselors,2720,74960,
"Business Operations Specialists, All Other",958670,74870,
"Electrical and Electronics Repairers, Powerhouse, Substation, and Relay",23060,74540,
"Communications Teachers, Postsecondary",28180,74360,
"Social Work Teachers, Postsecondary",11860,74280,
Ship Engineers,9750,74120,
Geographers,1370,74090,
"Postsecondary Teachers, All Other",194870,73990,
Power Plant Operators,35010,73800,
"Foreign Language and Literature Teachers, Postsecondary",28720,73750,
Dental Hygienists,204990,73440,
Technical Writers,49780,73160,
Urban and Regional Planners,34810,73060,
Animal Scientists,2470,72890,
"Home Economics Teachers, Postsecondary",2970,72790,
"Arbitrators, Mediators, and Conciliators",6300,72730,
Transportation Inspectors,27430,72650,
Occupational Health and Safety Specialists,76630,72480,
"Library Science Teachers, Postsecondary",4870,72340,
Multimedia Artists and Animators,29810,72200,
Registered Nurses,2857180,72180,
Web Developers,129540,72150,
Postmasters and Mail Superintendents,14720,71980,
Writers and Authors,44690,71920,
Diagnostic Medical Sonographers,65790,71750,
"Makeup Artists, Theatrical and Performance",3600,71590,
Food Scientists and Technologists,14200,71270,
Aerospace Engineering and Operations Technicians,11970,71070,
Commercial and Industrial Designers,31860,70880,
Social and Community Service Managers,126230,70870,
Market Research Analysts and Marketing Specialists,558630,70620,
"Property, Real Estate, and Community Association Managers",180290,70290,
"Education Teachers, Postsecondary",58850,70260,
Compliance Officers,273910,70250,
Orthotists and Prosthetists,7500,69920,
Soil and Plant Scientists,14690,69290,
Magnetic Resonance Imaging Technologists,35850,69240,
Landscape Architects,19420,68820,
"Sales Representatives, Wholesale and Manufacturing, Except Technical and Scientific Products",1404050,68410,
First-Line Supervisors of Construction Trades and Extraction Workers,538220,68040,
Gas Plant Operators,17350,67980,
"Recreation and Fitness Studies Teachers, Postsecondary",17390,67870,
"Petroleum Pump System Operators, Refinery Operators, and Gaugers",41630,67870,
Transit and Railroad Police,4810,67850,
Computer Network Support Specialists,188740,67770,
Insurance Sales Agents,385700,67760,
"Purchasing Agents, Except Wholesale, Retail, and Farm Products",297600,67420,
Electrical Power-Line Installers and Repairers,117670,67160,
"Criminal Justice and Law Enforcement Teachers, Postsecondary",14620,67040,
"First-Line Supervisors of Mechanics, Installers, and Repairers",453330,66730,
Cost Estimators,214610,66620,
Public Relations Specialists,226940,66540,
"Compensation, Benefits, and Job Analysis Specialists",79190,66490,
Anthropologists and Archeologists,6470,66440,
"Legal Support Workers, All Other",44960,66170,
Cartographers and Photogrammetrists,12100,66160,
Editors,97170,66080,
"Insurance Appraisers, Auto Damage",15130,65930,
Instructional Coordinators,147330,65500,
Sound Engineering Technicians,15210,65240,
Conservation Scientists,20470,65130,
First-Line Supervisors of Correctional Officers,43230,65100,
"Claims Adjusters, Examiners, and Investigators",274420,64990,
Human Resources Specialists,524800,64890,
Zoologists and Wildlife Biologists,17720,64890,
"Artists and Related Workers, All Other",7010,64630,
Labor Relations Specialists,79430,64250,
"Engineering Technicians, Except Drafters, All Other",74290,64050,
"Special Education Teachers, Secondary School",132490,64020,
"Buyers and Purchasing Agents, Farm Products",11490,63910,
Locomotive Firers,1210,63750,
Advertising Sales Agents,141100,63660,
Surveyors,43340,63480,
Electrical and Electronics Drafters,26750,63390,
Training and Development Specialists,269710,63350,
"Designers, All Other",7230,63270,
"Camera Operators, Television, Video, and Motion Picture",21710,63200,
"Sales Representatives, Services, All Other",953870,63070,
Electrical and Electronics Engineering Technicians,134870,62950,
Police and Sheriff's Patrol Officers,657690,62760,
Signal and Track Switch Repairers,8680,62710,
Medical and Clinical Laboratory Technologists,166730,62440,
Subway and Streetcar Operators,12350,62380,
Geological and Petroleum Technicians,15100,62240,
Boilermakers,16660,62200,
"Special Education Teachers, Middle School",90250,61910,
Pile-Driver Operators,3570,61740,
Fire Inspectors and Investigators,11910,61660,
First-Line Supervisors of Production and Operating Workers,610480,61450,
"Secondary School Teachers, Except Special and Career/Technical Education",1003250,61420,
Stationary Engineers and Boiler Operators,33720,61410,
Avionics Technicians,17330,61390,
Construction and Building Inspectors,94960,61250,
Aircraft Mechanics and Service Technicians,128570,61190,
Locomotive Engineers,39900,61020,
Historians,2950,60990,
Forensic Science Technicians,14800,60690,
Respiratory Therapists,126770,60640,
Music Directors and Composers,18380,60630,
"Therapists, All Other",11320,60590,
"Career/Technical Education Teachers, Middle School",12730,60350,
Foresters,8420,60300,
"Special Education Teachers, Kindergarten and Elementary School",190530,60090,
"Wholesale and Retail Buyers, Except Farm Products",109440,60040,
Survey Researchers,11930,59950,
Librarians,129350,59870,
Judicial Law Clerks,13410,59840,
"Electrical and Electronics Installers and Repairers, Transportation Equipment",13960,59840,
"Middle School Teachers, Except Special and Career/Technical Education",626310,59800,
First-Line Supervisors of Transportation and Material-Moving Machine and Vehicle Operators,202760,59800,
Dietitians and Nutritionists,61430,59670,
Gas Compressor and Gas Pumping Station Operators,3890,59620,
Occupational Therapy Assistants,38170,59530,
"Career/Technical Education Teachers, Secondary School",80100,59480,
"Rail Transportation Workers, All Other",4470,59480,
"Special Education Teachers, All Other",40190,59450,
Chemical Plant and System Operators,33300,59430,
Lodging Managers,35410,59410,
"Social Workers, All Other",59540,59410,
Real Estate Sales Agents,151840,59360,
Radiologic Technologists,200650,59260,
"Elementary School Teachers, Except Special Education",1392660,59020,
Curators,11170,58910,
Mathematical Technicians,510,58490,
Railroad Conductors and Yardmasters,42880,58220,
"Roof Bolters, Mining",3930,58110,
Appraisers and Assessors of Real Estate,60770,58030,
"Healthcare Practitioners and Technical Workers, All Other",36000,57960,
"Tax Examiners and Collectors, and Revenue Agents",58450,57950,
Fundraisers,68910,57930,
Executive Secretaries and Executive Administrative Assistants,631610,57910,
Health Educators,57570,57900,
First-Line Supervisors of Office and Administrative Support Workers,1443150,57890,
Electro-Mechanical Technicians,13710,57860,
"Educational, Guidance, School, and Vocational Counselors",260670,57620,
Set and Exhibit Designers,12060,57600,
Mechanical Drafters,63630,57480,
"Fine Artists, Including Painters, Sculptors, and Illustrators",11520,57410,
Mechanical Engineering Technicians,45510,57180,
"Rotary Drill Operators, Oil and Gas",17400,57140,
Cardiovascular Technologists and Technicians,53760,57100,
"Special Education Teachers, Preschool",28140,56990,
"Electrical and Electronics Repairers, Commercial and Industrial Equipment",67390,56990,
Court Reporters,17700,56940,
Industrial Engineering Technicians,63220,56920,
Physical Therapist Assistants,85580,56850,
Electricians,607120,56650,
"Precision Instrument and Equipment Repairers, All Other",11640,56570,
Mine Shuttle Car Operators,1590,56370,
Interior Designers,53160,56220,
"Control and Valve Installers and Repairers, Except Mechanical Door",45740,56180,
Structural Iron and Steel Workers,69440,56040,
"Plumbers, Pipefitters, and Steamfitters",411870,56030,
Food Service Managers,201470,56010,
"Vocational Education Teachers, Postsecondary",116430,55730,
Healthcare Social Workers,159310,55510,
"Kindergarten Teachers, Except Special Education",151290,55460,
Probation Officers and Correctional Treatment Specialists,87500,55380,
"Plant and System Operators, All Other",11970,55340,
"Railroad Brake, Signal, and Switch Operators",19860,55320,
Crane and Tower Operators,45020,55280,
Adult Basic and Secondary Education and Literacy Teachers and Instructors,58810,55140,
Fish and Game Wardens,6610,54760,
"Morticians, Undertakers, and Funeral Directors",25850,54700,
Telecommunications Line Installers and Repairers,100080,54700,
"Explosives Workers, Ordnance Handling Experts, and Blasters",6310,54580,
Archivists,5760,54570,
"Telecommunications Equipment Installers and Repairers, Except Line Installers",228430,54520,
"Drafters, All Other",15530,54410,
Wind Turbine Service Technicians,4580,54360,
Architectural and Civil Drafters,96810,54290,
Marriage and Family Therapists,36960,54090,
Commercial Divers,3370,53990,
Millwrights,39670,53950,
Tapers,18480,53790,
"Radio, Cellular, and Tower Equipment Installers and Repairers",14120,53620,
Choreographers,5160,53610,
Reinforcing Iron and Rebar Workers,20020,53600,
Rail Car Repairers,22090,53590,
"Computer Numerically Controlled Machine Tool Programmers, Metal and Plastic",25180,53560,
Private Detectives and Investigators,28490,53530,
"Service Unit Operators, Oil, Gas, and Mining",42890,53520,
Brickmasons and Blockmasons,64370,53440,
Paralegals and Legal Assistants,277310,53180,
Computer User Support Specialists,602840,53100,
Hearing Aid Specialists,6740,53000,
Rail-Track Laying and Maintenance Equipment Operators,14250,52810,
Continuous Mining Machine Operators,12030,52650,
"Aircraft Structure, Surfaces, Rigging, and Systems Assemblers",42010,52530,
Occupational Health and Safety Technicians,16560,52520,
Environmental Engineering Technicians,16550,52500,
Brokerage Clerks,59820,52380,
Airfield Operations Specialists,8760,52380,
"Rail Yard Engineers, Dinkey Operators, and Hostlers",4530,52320,
Graphic Designers,210710,52290,
"Education Administrators, Preschool and Childcare Center/Program",48530,52150,
Farm and Home Management Advisors,8620,52150,
Civil Engineering Technicians,72150,52120,
"Meeting, Convention, and Event Planners",95850,52020,
Aircraft Cargo Handling Supervisors,7460,51900,
Industrial Machinery Mechanics,334490,51890,
Flight Attendants,113390,51620,
Tool and Die Makers,72210,51610,
"Title Examiners, Abstractors, and Searchers",54560,51490,
Interpreters and Translators,51350,51260,
"Loading Machine Operators, Underground Mining",2550,51260,
"Earth Drillers, Except Oil and Gas",18500,51240,
"Extraction Workers, All Other",4320,51170,
"Derrick Operators, Oil and Gas",11580,51140,
"Insulation Workers, Mechanical",27270,51100,
Sheet Metal Workers,134450,51080,
Medical Equipment Repairers,43370,50910,
"Media and Communication Workers, All Other",23310,50860,
Gaming Supervisors,22130,50810,
"Mobile Heavy Equipment Mechanics, Except Engines",123570,50810,
Wellhead Pumpers,11610,50730,
"First-Line Supervisors of Protective Service Workers, All Other",72880,50690,
Mine Cutting and Channeling Machine Operators,5930,50670,
Postal Service Mail Carriers,328950,50610,
Operating Engineers and Other Construction Equipment Operators,356750,50560,
Respiratory Therapy Technicians,10600,50520,
Firefighters,315910,50520,
Costume Attendants,6640,50470,
"Model Makers, Metal and Plastic",6250,50360,
Exercise Physiologists,6880,50310,
Chemical Equipment Operators and Tenders,73840,50300,
"Mining Machine Operators, All Other",2160,50220,
"First-Line Supervisors of Helpers, Laborers, and Material Movers, Hand",183620,50160,
Audio-Visual and Multimedia Collections Specialists,10300,50130,
Hoist and Winch Operators,2960,50020,
Chemical Technicians,65510,49770,
Reporters and Correspondents,40090,49770,
"Postal Service Mail Sorters, Processors, and Processing Machine Operators",110770,49710,
Credit Counselors,34110,49480,
Clergy,49320,49450,
"Life, Physical, and Social Science Technicians, All Other",68540,49270,
"Production, Planning, and Expediting Clerks",321780,49050,
Riggers,21020,49030,
"First-Line Supervisors of Farming, Fishing, and Forestry Workers",19550,48820,
"First-Line Supervisors of Landscaping, Lawn Service, and Groundskeeping Workers",103070,48790,
Traffic Technicians,6410,48650,
Fabric and Apparel Patternmakers,5310,48460,
Postal Service Clerks,82030,48360,
Carpenters,676980,48340,
"Heating, Air Conditioning, and Refrigeration Mechanics and Installers",294730,48320,
Statistical Assistants,10900,48300,
Recreational Therapists,18100,48190,
Radio and Television Announcers,29210,48170,
"Environmental Science and Protection Technicians, Including Health",32950,47930,
Water and Wastewater Treatment Plant and System Operators,115840,47930,
Legal Secretaries,191200,47900,
Mental Health and Substance Abuse Social Workers,114040,47880,
Athletic Trainers,24130,47880,
"Patternmakers, Wood",970,47850,
"Layout Workers, Metal and Plastic",9070,47720,
"Counselors, All Other",28380,47640,
"Teachers and Instructors, All Other, Except Substitute Teachers",292950,47570,
"Child, Family, and School Social Workers",298840,47510,
"Model Makers, Wood",1040,47480,
Audio and Video Equipment Technicians,69670,47450,
Drywall and Ceiling Tile Installers,93180,47400,
Chefs and Head Cooks,134190,47390,
Farm Labor Contractors,810,47290,
Glaziers,47140,47260,
"Refractory Materials Repairers, Except Brickmasons",1540,47000,
"Education, Training, and Library Workers, All Other",100640,46970,
Social Science Research Assistants,30030,46820,
Surgical Technologists,105720,46800,
Radio Operators,870,46780,
Correctional Officers and Jailers,431600,46750,
Bus and Truck Mechanics and Diesel Engine Specialists,254280,46710,
Bridge and Lock Tenders,3510,46680,
Dredge Operators,1760,46530,
"Painters, Transportation Equipment",54860,46270,
"Pump Operators, Except Wellhead Pumpers",12030,46270,
Sailors and Marine Oilers,32530,46170,
Biological Technicians,74720,46130,
Mental Health Counselors,139820,46050,
"Health Technologists and Technicians, All Other",122170,46020,
"Maintenance Workers, Machinery",89630,46000,
Terrazzo Workers and Finishers,3420,45990,
Bailiffs,17880,45740,
Security and Fire Alarm Systems Installers,67700,45660,
"Community and Social Service Specialists, All Other",91860,45540,
Hazardous Materials Removal Workers,44280,45500,
Surveying and Mapping Technicians,53920,45490,
Broadcast Technicians,30330,45430,
Tax Preparers,70030,45340,
Excavating and Loading Machine and Dragline Operators,48320,45230,
Automotive Body and Related Repairers,143940,45180,
"Directors, Religious Activities and Education",20590,44840,
Licensed Practical and Licensed Vocational Nurses,702400,44840,
Legislators,53670,44820,
Museum Technicians and Conservators,10970,44780,
Tile and Marble Setters,36830,44770,
"Electric Motor, Power Tool, and Related Repairers",17050,44720,
"Patternmakers, Metal and Plastic",3420,44490,
Massage Therapists,95830,44480,
Desktop Publishers,13090,44380,
Carpet Installers,25660,44310,
Forest Fire Inspectors and Prevention Specialists,1650,44300,
Agricultural Inspectors,14710,44260,
Cargo and Freight Agents,88920,44250,
Substance Abuse and Behavioral Disorder Counselors,91040,44160,
Plasterers and Stucco Masons,22810,44070,
Camera and Photographic Equipment Repairers,3760,43920,
First-Line Supervisors of Retail Sales Workers,1194220,43910,
Computer Operators,46810,43880,
"Paving, Surfacing, and Tamping Equipment Operators",51880,43800,
Cement Masons and Concrete Finishers,173920,43720,
Stonemasons,13190,43650,
Heavy and Tractor-Trailer Truck Drivers,1704520,43590,
Payroll and Timekeeping Clerks,159650,43580,
"Eligibility Interviewers, Government Programs",135940,43550,
Motorboat Operators,3290,43340,
"Sales and Related Workers, All Other",81080,43330,
Machinists,391120,43220,
Self-Enrichment Education Teachers,229840,43150,
Engine and Other Machine Assemblers,38150,43090,
Telephone Operators,8860,43030,
Fallers,5370,42900,
Pipelayers,39620,42860,
Fitness Trainers and Aerobics Instructors,257410,42780,
Public Address System and Other Announcers,8020,42740,
Photographers,48660,42640,
Solar Photovoltaic Installers,8870,42500,
Timing Device Assemblers and Adjusters,790,42470,
"Welders, Cutters, Solderers, and Brazers",382730,42450,
"Floor Layers, Except Carpet, Wood, and Hard Tiles",10340,42370,
Animal Breeders,1270,42340,
Jewelers and Precious Stone and Metal Workers,26480,42310,
Embalmers,3710,42260,
Tire Builders,22280,42230,
"Cooks, Private Household",370,42220,
Locksmiths and Safe Repairers,18640,42180,
Roofers,116410,42080,
Procurement Clerks,72120,41980,
"Communications Equipment Operators, All Other",2150,41910,
"Rolling Machine Setters, Operators, and Tenders, Metal and Plastic",29060,41900,
"Meter Readers, Utilities",34070,41890,
"Financial Clerks, All Other",34540,41870,
Metal-Refining Furnace Operators and Tenders,17730,41840,
"Installation, Maintenance, and Repair Workers, All Other",146460,41810,
"Bus Drivers, Transit and Intercity",169680,41780,
Medical and Clinical Laboratory Technicians,160190,41700,
"Painters, Construction and Maintenance",217280,41510,
Medical Records and Health Information Technicians,200140,41460,
"Separating, Filtering, Clarifying, Precipitating, and Still Machine Setters, Operators, and Tenders",47160,41450,
Automotive Service Technicians and Mechanics,647380,41400,
First-Line Supervisors of Housekeeping and Janitorial Workers,161140,41240,
"Dispatchers, Except Police, Fire, and Ambulance",197910,41190,
"Milling and Planing Machine Setters, Operators, and Tenders, Metal and Plastic",17560,41180,
Community Health Workers,51900,41170,
"Police, Fire, and Ambulance Dispatchers",95170,41070,
Coaches and Scouts,230930,41000,
Motorboat Mechanics and Service Technicians,20260,40860,
Insurance Claims and Policy Processing Clerks,274350,40780,
Dental Laboratory Technicians,37110,40760,
Prepress Technicians and Workers,33340,40640,
"Logging Workers, All Other",3010,40560,
"Construction and Related Workers, All Other",35340,40480,
"Roustabouts, Oil and Gas",51290,40480,
Agricultural and Food Science Technicians,20420,40470,
Mechanical Door Repairers,19840,40420,
Home Appliance Repairers,33480,40390,
"Inspectors, Testers, Sorters, Samplers, and Weighers",518950,40340,
Loan Interviewers and Clerks,224340,40300,
"Bookkeeping, Accounting, and Auditing Clerks",1566960,40220,
Transportation Security Screeners,42750,40160,
"Human Resources Assistants, Except Payroll and Timekeeping",137150,40100,
"Information and Record Clerks, All Other",166850,40090,
Structural Metal Fabricators and Fitters,77270,40000,
Word Processors and Typists,67230,39970,
Travel Agents,68680,39900,
Medical Appliance Technicians,14570,39880,
First-Line Supervisors of Personal Service Workers,190420,39830,
Watch Repairers,1620,39720,
Parking Enforcement Workers,8920,39650,
Proofreaders and Copy Markers,11430,39640,
"Lathe and Turning Machine Tool Setters, Operators, and Tenders, Metal and Plastic",33850,39630,
"Computer-Controlled Machine Tool Operators, Metal and Plastic",146190,39590,
"Tank Car, Truck, and Ship Loaders",10920,39590,
Highway Maintenance Workers,143320,39540,
"Insulation Workers, Floor, Ceiling, and Wall",29500,39490,
"Computer, Automated Teller, and Office Machine Repairers",102170,39410,
"Maintenance and Repair Workers, General",1332480,39360,
Electronic Home Entertainment Equipment Installers and Repairers,25550,39340,
"Credit Authorizers, Checkers, and Clerks",37680,39320,
Farm Equipment Mechanics and Service Technicians,35110,39310,
"Court, Municipal, and License Clerks",128620,39160,
"Heat Treating Equipment Setters, Operators, and Tenders, Metal and Plastic",19780,39010,
Craft Artists,5070,38900,
Floor Sanders and Finishers,4590,38890,
Logging Equipment Operators,27250,38880,
"Drilling and Boring Machine Tool Setters, Operators, and Tenders, Metal and Plastic",12290,38880,
Septic Tank Servicers and Sewer Pipe Cleaners,26320,38870,
"Tool Grinders, Filers, and Sharpeners",9550,38860,
Rehabilitation Counselors,103030,38740,
"Transportation Workers, All Other",37660,38740,
"Forging Machine Setters, Operators, and Tenders, Metal and Plastic",19160,38710,
Forest and Conservation Technicians,30090,38630,
"Paper Goods Machine Setters, Operators, and Tenders",93100,38570,
"Welding, Soldering, and Brazing Machine Setters, Operators, and Tenders",46920,38380,
Slot Supervisors,7640,38300,
Log Graders and Scalers,3020,38150,
Reservation and Transportation Ticket Agents and Travel Clerks,146350,38050,
Recreational Vehicle Service Technicians,13520,38040,
Dental Assistants,327290,37890,
Construction Laborers,912100,37890,
Semiconductor Processors,24430,37890,
"Opticians, Dispensing",75270,37860,
"Healthcare Support Workers, All Other",93830,37720,
Musical Instrument Repairers and Tuners,7980,37690,
Refuse and Recyclable Material Collectors,114680,37690,
Correspondence Clerks,6780,37660,
"Mixing and Blending Machine Setters, Operators, and Tenders",130480,37630,
Bill and Account Collectors,298960,37620,
"Furnace, Kiln, Oven, Drier, and Kettle Operators and Tenders",19520,37600,
Billing and Posting Clerks,485220,37570,
Printing Press Operators,169910,37460,
Tree Trimmers and Pruners,40680,37310,
"Pourers and Casters, Metal",8560,37300,
Helpers--Extraction Workers,17660,37160,
Medical Transcriptionists,54070,37150,
Ophthalmic Medical Technicians,43990,37040,
Motorcycle Mechanics,16000,37040,
Animal Control Workers,12970,36600,
Models,4390,36560,
New Accounts Clerks,41630,36480,
Paperhangers,3190,36470,
Fence Erectors,21500,36380,
"Multiple Machine Tool Setters, Operators, and Tenders, Metal and Plastic",117300,36190,
"Secretaries and Administrative Assistants, Except Legal, Medical, and Executive",2295510,36140,
Automotive Glass Installers and Repairers,18610,36140,
Emergency Medical Technicians and Paramedics,244960,36110,
"Crushing, Grinding, and Polishing Machine Setters, Operators, and Tenders",29830,36050,
"Office and Administrative Support Workers, All Other",216650,36040,
Foundry Mold and Coremakers,12810,36030,
Medical Equipment Preparers,52500,35960,
Travel Guides,3030,35930,
Psychiatric Technicians,61720,35870,
Graduate Teaching Assistants,135130,35810,
"Metal Workers and Plastic Workers, All Other",22930,35780,
"Pesticide Handlers, Sprayers, and Applicators, Vegetation",25230,35720,
"Umpires, Referees, and Other Sports Officials",18660,35540,
"Extruding and Forming Machine Setters, Operators, and Tenders, Synthetic and Glass Fibers",19340,35420,
Electromechanical Equipment Assemblers,45540,35410,
"Coil Winders, Tapers, and Finishers",14090,35340,
"Extruding and Drawing Machine Setters, Operators, and Tenders, Metal and Plastic",71960,35340,
Outdoor Power Equipment and Other Small Engine Mechanics,33020,35320,
Gaming Surveillance Officers and Gaming Investigators,10460,35280,
Customer Service Representatives,2707040,35170,
Skincare Specialists,43980,35160,
Order Clerks,176850,35160,
"Agricultural Workers, All Other",5040,35120,
Medical Secretaries,556820,35060,
Pest Control Workers,72830,35020,
"Grinding, Lapping, Polishing, and Buffing Machine Tool Setters, Operators, and Tenders, Metal and Plastic",74600,34920,
"Rock Splitters, Quarry",3770,34860,
"Coin, Vending, and Amusement Machine Servicers and Repairers",33600,34860,
Cabinetmakers and Bench Carpenters,97980,34800,
Light Truck or Delivery Services Drivers,858710,34790,
Library Technicians,93410,34780,
First-Line Supervisors of Food Preparation and Serving Workers,908550,34700,
Upholsterers,32520,34640,
Adhesive Bonding Machine Operators and Tenders,16940,34610,
Animal Trainers,13590,34580,
"Material Moving Workers, All Other",23880,34540,
"Coating, Painting, and Spraying Machine Setters, Operators, and Tenders",85760,34460,
Etchers and Engravers,9520,34390,
"Extruding, Forming, Pressing, and Compacting Machine Setters, Operators, and Tenders",71260,34370,
"Religious Workers, All Other",8250,34300,
Industrial Truck and Tractor Operators,542750,34260,
Ophthalmic Laboratory Technicians,28570,34220,
"Cutting, Punching, and Press Machine Setters, Operators, and Tenders, Metal and Plastic",192800,34210,
"Electronic Equipment Installers and Repairers, Motor Vehicles",11750,34200,
Segmental Pavers,1720,34160,
Social and Human Service Assistants,360650,34120,
"Cutting and Slicing Machine Setters, Operators, and Tenders",61330,34000,
Veterinary Technologists and Technicians,99390,33870,
Conveyor Operators and Tenders,28590,33870,
Phlebotomists,120970,33750,
Electrical and Electronic Equipment Assemblers,218530,33700,
"Plating and Coating Machine Setters, Operators, and Tenders, Metal and Plastic",35570,33690,
"Interviewers, Except Eligibility and Loan",186030,33640,
"Helpers--Brickmasons, Blockmasons, Stonemasons, and Tile and Marble Setters",23950,33610,
"Preschool Teachers, Except Special Education",385550,33300,
Print Binding and Finishing Workers,52730,33270,
Parts Salespersons,248740,33220,
"Shipping, Receiving, and Traffic Clerks",676990,33150,
Fiberglass Laminators and Fabricators,19400,33020,
"Office Clerks, General",2955550,33010,
"Grounds Maintenance Workers, All Other",15170,32930,
"Motor Vehicle Operators, All Other",53680,32930,
"Protective Service Workers, All Other",135120,32880,
Medical Assistants,623560,32850,
"Molding, Coremaking, and Casting Machine Setters, Operators, and Tenders, Metal and Plastic",145560,32660,
"Molders, Shapers, and Casters, Except Metal and Plastic",39450,32590,
Team Assemblers,1112780,32550,
"Office Machine Operators, Except Computer",58160,32390,
"Production Workers, All Other",251670,32380,
Furniture Finishers,17370,32330,
Pharmacy Technicians,398390,32170,
Cooling and Freezing Equipment Operators and Tenders,8170,32100,
"Painting, Coating, and Decorating Workers",15450,32040,
Occupational Therapy Aides,7210,31840,
"Woodworkers, All Other",6750,31780,
Butchers and Meat Cutters,133880,31740,
Photographic Process Workers and Processing Machine Operators,26430,31740,
Data Entry Keyers,194810,31640,
"Helpers, Construction Trades, All Other",21820,31450,
Concierges,32020,31440,
File Clerks,130950,31260,
Forest and Conservation Workers,7170,31200,
"Bus Drivers, School or Special Client",515020,31110,
"Weighers, Measurers, Checkers, and Samplers, Recordkeeping",74460,31080,
"Transportation Attendants, Except Flight Attendants",18410,31080,
"Assemblers and Fabricators, All Other",230310,31050,
Manufactured Building and Mobile Home Installers,3200,31030,
Helpers--Electricians,71890,30980,
"Food and Tobacco Roasting, Baking, and Drying Machine Operators and Tenders",20080,30970,
"Building Cleaning Workers, All Other",15020,30960,
Packaging and Filling Machine Operators and Tenders,386520,30910,
Substitute Teachers,609960,30900,
"Grinding and Polishing Workers, Hand",26670,30860,
"Textile, Apparel, and Furnishings Workers, All Other",15650,30830,
Fishers and Related Fishing Workers,520,30740,
"Tailors, Dressmakers, and Custom Sewers",21660,30670,
"Helpers--Pipelayers, Plumbers, Pipefitters, and Steamfitters",54080,30640,
"Cleaning, Washing, and Metal Pickling Equipment Operators and Tenders",17860,30590,
"Mail Clerks and Mail Machine Operators, Except Postal Service",91530,30580,
Demonstrators and Product Promoters,86500,30570,
Machine Feeders and Offbearers,88070,30490,
Agricultural Equipment Operators,28700,30430,
Food Cooking Machine Operators and Tenders,36520,30330,
Helpers--Carpenters,35890,30200,
Food Batchmakers,148540,30130,
Merchandise Displayers and Window Trimmers,114690,30090,
"Sawing Machine Setters, Operators, and Tenders, Wood",50640,29960,
Couriers and Messengers,74120,29920,
Barbers,15900,29900,
"Woodworking Machine Setters, Operators, and Tenders, Except Sawing",76130,29850,
Security Guards,1103120,29730,
"Switchboard Operators, Including Answering Service",90910,29720,
"Hairdressers, Hairstylists, and Cosmetologists",352380,29590,
"Cutters and Trimmers, Hand",14250,29580,
Counter and Rental Clerks,450330,29390,
"Helpers--Installation, Maintenance, and Repair Workers",118720,29370,
Dietetic Technicians,32240,29360,
"Cooks, All Other",15490,29210,
Crossing Guards,72900,29190,
Receptionists and Information Clerks,997770,29120,
Helpers--Roofers,10190,28890,
Psychiatric Aides,67410,28770,
"Helpers--Painters, Paperhangers, Plasterers, and Stucco Masons",10780,28760,
"Laborers and Freight, Stock, and Material Movers, Hand",2587900,28720,
"Door-to-Door Sales Workers, News and Street Vendors, and Related Workers",8040,28630,
Landscaping and Groundskeeping Workers,906570,28560,
Orderlies,52940,28550,
Bicycle Repairers,12560,28520,
Textile Bleaching and Dyeing Machine Operators and Tenders,10860,28480,
Driver/Sales Workers,426310,28440,
Pharmacy Aides,36660,28420,
"Textile Knitting and Weaving Machine Setters, Operators, and Tenders",21550,28380,
"Gaming Service Workers, All Other",12140,28300,
Gaming Cage Workers,18810,28120,
"Textile Winding, Twisting, and Drawing Out Machine Setters, Operators, and Tenders",30340,28110,
Tour Guides and Escorts,38660,28100,
Tellers,496760,28060,
Physical Therapist Aides,50030,27890,
"Textile Cutting Machine Setters, Operators, and Tenders",15040,27860,
Residential Advisors,110330,27690,
"Fabric Menders, Except Garment",550,27670,
Nursing Assistants,1443150,27650,
Floral Designers,43990,27610,
"Personal Care and Service Workers, All Other",54520,27460,
"Library Assistants, Clerical",98560,27450,
Recreation Workers,336880,27230,
Retail Salespersons,4528550,27180,
Telemarketers,215290,27170,
Tire Repairers and Changers,109350,27150,
Teacher Assistants,1263820,27120,
Funeral Attendants,35770,27110,
Bakers,180450,27110,
Slaughterers and Meat Packers,80780,27040,
"Janitors and Cleaners, Except Maids and Housekeeping Cleaners",2161740,27030,
Helpers--Production Workers,429890,26930,
"Farmworkers, Farm, Ranch, and Aquacultural Animals",35670,26840,
Veterinary Assistants and Laboratory Animal Caretakers,79990,26810,
Taxi Drivers and Chauffeurs,188860,26790,
Stock Clerks and Order Fillers,2016340,26670,
Shoe Machine Operators and Tenders,3500,26530,
"Cooks, Institution and Cafeteria",409850,26370,
Shoe and Leather Workers and Repairers,7780,26040,
Gaming Change Persons and Booth Cashiers,23120,25940,
Sewing Machine Operators,139500,25830,
"Food Processing Workers, All Other",43070,25800,
Gaming and Sports Book Writers and Runners,11460,25710,
"Sewers, Hand",6540,25630,
"Ambulance Drivers and Attendants, Except Emergency Medical Technicians",17300,25600,
Bartenders,603320,25580,
"Meat, Poultry, and Fish Cutters and Trimmers",149800,25510,
"Cooks, Restaurant",1217370,25430,
Baggage Porters and Bellhops,44750,24910,
Motion Picture Projectionists,5480,24750,
Cleaners of Vehicles and Equipment,348770,24660,
"Entertainment Attendants and Related Workers, All Other",14550,24610,
"Packers and Packagers, Hand",705660,24430,
Nonfarm Animal Caretakers,187360,24420,
Waiters and Waitresses,2564610,24410,
"Locker Room, Coatroom, and Dressing Room Attendants",18040,24390,
Manicurists and Pedicurists,90630,24330,
"Graders and Sorters, Agricultural Products",38780,24280,
Automotive and Watercraft Service Attendants,109790,24280,
Maids and Housekeeping Cleaners,924640,23830,
"Farmworkers and Laborers, Crop, Nursery, and Greenhouse",273450,23820,
Home Health Aides,814300,23600,
"Hotel, Motel, and Resort Desk Clerks",248440,23530,
"Food Servers, Nonrestaurant",261520,23490,
Parking Lot Attendants,146350,23250,
Laundry and Dry-Cleaning Workers,207710,23210,
"Food Preparation and Serving Related Workers, All Other",59060,23200,
"Cooks, Short Order",183990,23130,
Childcare Workers,569370,22930,
Food Preparation Workers,850670,22920,
Personal Care Aides,1492250,22710,
"Lifeguards, Ski Patrol, and Other Recreational Protective Service Workers",145100,22640,
Dining Room and Cafeteria Attendants and Bartender Helpers,423080,22340,
"Pressers, Textile, Garment, and Related Materials",45150,22270,
Amusement and Recreation Attendants,286740,22000,
Gaming Dealers,94570,21990,
"Ushers, Lobby Attendants, and Ticket Takers",117920,21740,
Cashiers,3541010,21680,
"Hosts and Hostesses, Restaurant, Lounge, and Coffee Shop",404360,21410,
"Counter Attendants, Cafeteria, Food Concession, and Coffee Shop",499550,21380,
Dishwashers,506450,21260,
Shampooers,15240,20960,
"Cooks, Fast Food",513200,20570,
"Combined Food Preparation and Serving Workers, Including Fast Food",3426090,20460,
,,
,,
,,
,,
